"id","avatar","county","email","title","firstName","lastName","street","zipCode","date","jobTitle","catchPhrase","companyName","jobArea","jobType"
"0","https://s3.amazonaws.com/uifaces/faces/twitter/itskawsar/128.jpg","Avon","Grady9@yahoo.com","Ms.","Gerald","Stokes","Kunde Roads","81172-4673","8/28/2018","Chief Interactions Administrator","Networked neutral internet solution","Dicki - Hand","Group","Executive"
"1","https://s3.amazonaws.com/uifaces/faces/twitter/kinday/128.jpg","Buckinghamshire","Benedict.Hoppe@yahoo.com","Ms.","Rafaela","Legros","Grimes Mountain","17122-1858","8/26/2018","Principal Branding Developer","Programmable contextually-based help-desk","Hudson, Abbott and Dietrich","Accounts","Architect"
"2","https://s3.amazonaws.com/uifaces/faces/twitter/jamiebrittain/128.jpg","Berkshire","Haley76@hotmail.com","Ms.","Brionna","Connelly","Braun Walk","75396","3/8/2018","Regional Data Executive","Reactive next generation parallelism","Abshire - Schneider","Implementation","Director"
"3","https://s3.amazonaws.com/uifaces/faces/twitter/jjsiii/128.jpg","Cambridgeshire","Marina28@yahoo.com","Dr.","Allen","Bruen","Reynolds Shore","26456","11/8/2018","Global Configuration Administrator","Universal grid-enabled contingency","Effertz, Kulas and Mraz","Quality","Analyst"
"4","https://s3.amazonaws.com/uifaces/faces/twitter/chrismj83/128.jpg","Berkshire","Margot_Bradtke@hotmail.com","Ms.","Kara","Mante","Jensen Rapid","89343-2621","8/30/2018","Senior Brand Technician","Robust optimizing secured line","Sanford, Boehm and Senger","Infrastructure","Consultant"
"5","https://s3.amazonaws.com/uifaces/faces/twitter/sprayaga/128.jpg","Borders","Korbin13@hotmail.com","Miss","Bethany","Zemlak","Okuneva Crossing","63228","6/8/2018","Direct Configuration Officer","Programmable analyzing firmware","West - Fisher","Tactics","Liaison"
"6","https://s3.amazonaws.com/uifaces/faces/twitter/dss49/128.jpg","Buckinghamshire","Dustin_Runolfsdottir10@hotmail.com","Mr.","Rosemarie","Labadie","Larson Key","65178","1/26/2018","Corporate Infrastructure Representative","Configurable zero administration groupware","Kiehn, Kessler and Kuhlman","Mobility","Administrator"
"7","https://s3.amazonaws.com/uifaces/faces/twitter/michaelkoper/128.jpg","Berkshire","Luis6@yahoo.com","Mr.","Jacky","Terry","Homenick Isle","46501","6/11/2018","Direct Division Coordinator","Focused heuristic support","Ledner - Rolfson","Branding","Assistant"
"8","https://s3.amazonaws.com/uifaces/faces/twitter/d_nny_m_cher/128.jpg","Avon","Noemy10@gmail.com","Ms.","Felicita","Hilll","Timmy Coves","55510","8/9/2018","Corporate Optimization Associate","Realigned bandwidth-monitored protocol","Moen Group","Usability","Specialist"
"9","https://s3.amazonaws.com/uifaces/faces/twitter/ariffsetiawan/128.jpg","Avon","Cicero34@hotmail.com","Mr.","Mathilde","Hegmann","Heller Cape","92435","5/31/2018","Principal Brand Director","Front-line needs-based budgetary management","Shanahan Group","Interactions","Coordinator"
"10","https://s3.amazonaws.com/uifaces/faces/twitter/axel/128.jpg","Avon","Ian_Nitzsche9@yahoo.com","Mrs.","Kane","Abbott","Alyson Forges","71459","4/1/2018","Investor Security Director","Synchronised eco-centric initiative","Miller - Auer","Metrics","Manager"
"11","https://s3.amazonaws.com/uifaces/faces/twitter/nilshelmersson/128.jpg","Avon","Camden_Stoltenberg76@gmail.com","Dr.","Lindsey","Schneider","Renner Hollow","61172-8879","10/19/2018","Regional Identity Representative","Universal foreground productivity","Adams, Kiehn and Ritchie","Branding","Manager"
"12","https://s3.amazonaws.com/uifaces/faces/twitter/ahmadajmi/128.jpg","Bedfordshire","Dahlia6@gmail.com","Miss","Major","Spencer","Scarlett Springs","74458","1/29/2018","National Functionality Coordinator","User-friendly exuding functionalities","MacGyver - Becker","Interactions","Designer"
"13","https://s3.amazonaws.com/uifaces/faces/twitter/ankitind/128.jpg","Borders","Houston_Glover@gmail.com","Miss","Kattie","Ruecker","Jones Run","22770-6910","10/10/2018","Principal Solutions Executive","Programmable bottom-line forecast","Kihn Group","Response","Developer"
"14","https://s3.amazonaws.com/uifaces/faces/twitter/waghner/128.jpg","Buckinghamshire","Keshawn_Kling52@yahoo.com","Mrs.","April","Blick","Bernier Crossing","09157-0753","4/18/2018","Lead Marketing Executive","Decentralized background process improvement","Feeney, Jones and Kirlin","Infrastructure","Coordinator"
"15","https://s3.amazonaws.com/uifaces/faces/twitter/attacks/128.jpg","Cambridgeshire","Kian_Osinski88@gmail.com","Mr.","Freeman","Rice","Sabrina Bypass","85472","4/1/2018","District Research Analyst","Synergistic composite website","Hegmann - Hettinger","Implementation","Representative"
"16","https://s3.amazonaws.com/uifaces/faces/twitter/mastermindesign/128.jpg","Bedfordshire","Kaycee.Dare64@hotmail.com","Ms.","Vella","Gerlach","Dorothy Points","19399-9247","6/2/2018","Global Quality Developer","Fundamental uniform capability","Kohler Group","Group","Assistant"
"17","https://s3.amazonaws.com/uifaces/faces/twitter/greenbes/128.jpg","Cambridgeshire","Tito_Hills@yahoo.com","Mr.","Fermin","McLaughlin","Presley Manors","74750","2/14/2018","Dynamic Directives Planner","Visionary heuristic throughput","Lakin, Auer and Hayes","Integration","Director"
"18","https://s3.amazonaws.com/uifaces/faces/twitter/tumski/128.jpg","Cambridgeshire","Valentin76@gmail.com","Mr.","Willard","Baumbach","Volkman Rapids","33916","10/30/2018","Future Security Supervisor","Monitored solution-oriented leverage","Torp LLC","Metrics","Analyst"
"19","https://s3.amazonaws.com/uifaces/faces/twitter/bermonpainter/128.jpg","Avon","Elroy_Effertz37@hotmail.com","Dr.","Macie","Hettinger","Goyette Landing","23529","12/17/2018","International Division Director","Devolved responsive encryption","Schiller, Weissnat and Borer","Functionality","Engineer"
"20","https://s3.amazonaws.com/uifaces/faces/twitter/ryandownie/128.jpg","Borders","Savannah_Murphy48@yahoo.com","Mr.","Meta","Jacobson","Bartoletti Trail","32475","11/28/2018","Corporate Web Agent","Realigned intangible initiative","Schmitt, Padberg and Kshlerin","Paradigm","Manager"
"21","https://s3.amazonaws.com/uifaces/faces/twitter/diesellaws/128.jpg","Borders","Josie_Jacobson43@yahoo.com","Mr.","Terence","Franecki","Rowan Hollow","99663-3402","8/16/2018","District Mobility Manager","Face to face holistic secured line","Kuphal, Medhurst and Koelpin","Branding","Supervisor"
"22","https://s3.amazonaws.com/uifaces/faces/twitter/manekenthe/128.jpg","Borders","Destiney.King@yahoo.com","Dr.","Belle","Jakubowski","Shanie Highway","38375","5/23/2018","Lead Configuration Designer","Open-source human-resource process improvement","Stokes - Schowalter","Mobility","Developer"
"23","https://s3.amazonaws.com/uifaces/faces/twitter/michzen/128.jpg","Buckinghamshire","Christ30@gmail.com","Dr.","Elyssa","Reynolds","Schimmel Estate","88132-7228","8/27/2018","Product Directives Officer","Visionary intermediate neural-net","Murazik - Rosenbaum","Web","Orchestrator"
"24","https://s3.amazonaws.com/uifaces/faces/twitter/rob_thomas10/128.jpg","Berkshire","Bradley.Kuvalis@hotmail.com","Dr.","Tristian","Hirthe","Kub Underpass","52014","9/10/2018","Senior Quality Strategist","Vision-oriented context-sensitive protocol","Huel, Welch and Shields","Configuration","Developer"
"25","https://s3.amazonaws.com/uifaces/faces/twitter/dhoot_amit/128.jpg","Avon","Coty55@hotmail.com","Mr.","Randi","Treutel","Hardy Brooks","29571","10/2/2018","Lead Response Technician","Optional interactive adapter","Leffler, Mayert and Goyette","Accounts","Developer"
"26","https://s3.amazonaws.com/uifaces/faces/twitter/thibaut_re/128.jpg","Avon","Ryann.Aufderhar6@gmail.com","Miss","Neha","Altenwerth","Corwin Square","40477","8/4/2018","National Data Manager","Configurable cohesive structure","Mohr, Torp and Sanford","Data","Technician"
"27","https://s3.amazonaws.com/uifaces/faces/twitter/twittypork/128.jpg","Cambridgeshire","Weldon61@yahoo.com","Miss","Robin","Kunde","Maiya Walk","34988-9636","7/25/2018","Product Brand Assistant","Centralized clear-thinking product","Ondricka LLC","Implementation","Representative"
"28","https://s3.amazonaws.com/uifaces/faces/twitter/xilantra/128.jpg","Cambridgeshire","Rosalyn.Purdy17@gmail.com","Dr.","Edwina","Hirthe","Schoen Meadow","56626-8663","2/16/2018","Regional Response Orchestrator","Cross-platform asymmetric circuit","Windler - Feil","Functionality","Supervisor"
"29","https://s3.amazonaws.com/uifaces/faces/twitter/mikemai2awesome/128.jpg","Borders","Margaretta4@gmail.com","Dr.","Kali","Boehm","Harber Mews","93439","6/20/2018","International Mobility Planner","Exclusive context-sensitive open architecture","Cremin - Effertz","Web","Liaison"
"30","https://s3.amazonaws.com/uifaces/faces/twitter/ostirbu/128.jpg","Cambridgeshire","Mac.OConnell61@gmail.com","Dr.","Ricardo","Botsford","Mayer Crossing","49132","8/7/2018","Senior Operations Specialist","Self-enabling motivating database","Nienow and Sons","Intranet","Facilitator"
"31","https://s3.amazonaws.com/uifaces/faces/twitter/tereshenkov/128.jpg","Berkshire","Madonna37@hotmail.com","Mrs.","Kyla","Lowe","Stokes Roads","26524","4/24/2018","Dynamic Data Strategist","Polarised holistic access","Lowe - Howe","Operations","Orchestrator"
"32","https://s3.amazonaws.com/uifaces/faces/twitter/gauravjassal/128.jpg","Bedfordshire","Constance_Luettgen@yahoo.com","Dr.","Freddy","Roob","Hirthe Walk","08862-0313","9/28/2018","Regional Quality Planner","Multi-tiered secondary task-force","Lehner LLC","Data","Producer"
"33","https://s3.amazonaws.com/uifaces/faces/twitter/mikemai2awesome/128.jpg","Berkshire","Adelbert36@gmail.com","Mr.","Antoinette","Beatty","Volkman Track","97365-6260","3/3/2018","Principal Integration Administrator","Reverse-engineered asymmetric core","Luettgen - Ratke","Accountability","Administrator"
"34","https://s3.amazonaws.com/uifaces/faces/twitter/krystalfister/128.jpg","Avon","Jakayla_Shanahan72@hotmail.com","Dr.","Kassandra","Howell","Lorenzo Lodge","57825","4/13/2018","National Integration Orchestrator","Focused 4th generation hierarchy","Ullrich - Kerluke","Mobility","Director"
"35","https://s3.amazonaws.com/uifaces/faces/twitter/thehacker/128.jpg","Buckinghamshire","Junior.Renner51@gmail.com","Miss","Morgan","Skiles","Rebecca Mountain","79301-2148","3/29/2018","National Group Engineer","Pre-emptive stable success","Crona - Hickle","Applications","Director"
"36","https://s3.amazonaws.com/uifaces/faces/twitter/janpalounek/128.jpg","Buckinghamshire","Shayna95@yahoo.com","Mr.","Malachi","Kulas","Cole Trafficway","40912","8/16/2018","Customer Interactions Consultant","Persistent uniform database","Haag Group","Functionality","Producer"
"37","https://s3.amazonaws.com/uifaces/faces/twitter/meelford/128.jpg","Bedfordshire","Myles56@gmail.com","Dr.","Jadon","Langosh","Eloisa Rapids","15253","2/16/2018","Customer Intranet Planner","Re-engineered secondary policy","Olson Group","Interactions","Administrator"
"38","https://s3.amazonaws.com/uifaces/faces/twitter/ilya_pestov/128.jpg","Bedfordshire","Earlene.Schmitt42@yahoo.com","Ms.","Kaitlyn","Schneider","Abernathy Views","42537","8/6/2018","Regional Optimization Analyst","Polarised fault-tolerant architecture","Torphy, Brekke and Becker","Configuration","Officer"
"39","https://s3.amazonaws.com/uifaces/faces/twitter/themadray/128.jpg","Bedfordshire","Marisol.Lubowitz@gmail.com","Miss","Roger","Schaefer","Walter Viaduct","91659","3/10/2018","Future Identity Assistant","Operative coherent hardware","Weimann, O'Keefe and Muller","Optimization","Coordinator"
"40","https://s3.amazonaws.com/uifaces/faces/twitter/kolage/128.jpg","Berkshire","Rahsaan.OKeefe@yahoo.com","Ms.","Ethelyn","Kerluke","Johns Grove","49911-6425","7/4/2018","Direct Functionality Consultant","User-centric maximized hierarchy","Bradtke - O'Kon","Program","Orchestrator"
"41","https://s3.amazonaws.com/uifaces/faces/twitter/sterlingrules/128.jpg","Avon","Simeon43@gmail.com","Dr.","Sofia","Shields","Birdie Rapids","32723-8304","3/9/2018","National Program Supervisor","Integrated multi-tasking capability","Buckridge, Willms and Larkin","Mobility","Facilitator"
"42","https://s3.amazonaws.com/uifaces/faces/twitter/danillos/128.jpg","Bedfordshire","Olaf29@hotmail.com","Mrs.","Raven","Cartwright","Tillman Ports","38067-2204","12/23/2018","Corporate Intranet Analyst","Multi-tiered transitional instruction set","Gulgowski - Kulas","Optimization","Officer"
"43","https://s3.amazonaws.com/uifaces/faces/twitter/maxlinderman/128.jpg","Bedfordshire","Kenyatta_Beahan@yahoo.com","Mrs.","Lou","Tromp","Charlene Grove","56493-9783","3/27/2018","National Data Architect","Automated 6th generation attitude","Parker, Dare and Turner","Metrics","Engineer"
"44","https://s3.amazonaws.com/uifaces/faces/twitter/laurengray/128.jpg","Borders","Zachery49@gmail.com","Ms.","Maxime","Runolfsdottir","Keon Shores","91853-0330","2/7/2018","Legacy Usability Facilitator","Enhanced context-sensitive artificial intelligence","Labadie - Hamill","Research","Facilitator"
"45","https://s3.amazonaws.com/uifaces/faces/twitter/cemshid/128.jpg","Bedfordshire","Jarod_Kassulke43@hotmail.com","Mrs.","Alberta","Kunze","Ana Island","94763","8/19/2018","International Brand Associate","Expanded discrete benchmark","Connelly, Bogan and Schmeler","Data","Consultant"
"46","https://s3.amazonaws.com/uifaces/faces/twitter/bluefx_/128.jpg","Cambridgeshire","Jose6@gmail.com","Miss","Tito","Farrell","Guy View","18034-2653","9/29/2018","Chief Data Facilitator","Customizable high-level encoding","Mitchell Group","Quality","Designer"
"47","https://s3.amazonaws.com/uifaces/faces/twitter/pifagor/128.jpg","Berkshire","Tyra.Lubowitz@yahoo.com","Mr.","Wilmer","Greenholt","Schneider Villages","58091","8/27/2018","Internal Usability Liaison","Distributed cohesive concept","Morissette and Sons","Group","Officer"
"48","https://s3.amazonaws.com/uifaces/faces/twitter/manekenthe/128.jpg","Buckinghamshire","Della75@yahoo.com","Ms.","Vicky","Reinger","Halvorson Village","07386","11/5/2018","Principal Communications Administrator","Robust hybrid approach","Emmerich LLC","Group","Manager"
"49","https://s3.amazonaws.com/uifaces/faces/twitter/edgarchris99/128.jpg","Borders","Robb39@yahoo.com","Mrs.","Michaela","Lynch","Sammie Union","90054","2/4/2018","Human Communications Designer","Face to face static circuit","Hackett - Schiller","Infrastructure","Orchestrator"
"50","https://s3.amazonaws.com/uifaces/faces/twitter/itolmach/128.jpg","Cambridgeshire","Regan_Halvorson99@yahoo.com","Ms.","Jerrod","Mohr","Arturo Falls","50023-0279","1/6/2019","Legacy Markets Engineer","Future-proofed multi-state challenge","Lowe - Moore","Intranet","Facilitator"
"51","https://s3.amazonaws.com/uifaces/faces/twitter/imsoper/128.jpg","Avon","Declan_Kohler79@yahoo.com","Mr.","Princess","Feest","Olson Rest","18155-2150","12/14/2018","Direct Web Strategist","Configurable executive superstructure","Marquardt and Sons","Branding","Associate"
"52","https://s3.amazonaws.com/uifaces/faces/twitter/msveet/128.jpg","Bedfordshire","Tamia_Mraz@gmail.com","Miss","Dolores","Schoen","Lowe Port","33223-6861","5/13/2018","Forward Identity Coordinator","Advanced systemic model","Jacobs, Sanford and Russel","Usability","Supervisor"
"53","https://s3.amazonaws.com/uifaces/faces/twitter/layerssss/128.jpg","Borders","Edward.Fay@hotmail.com","Miss","Susanna","Krajcik","Skylar Trail","62911-9591","3/29/2018","Dynamic Metrics Coordinator","Implemented bifurcated architecture","Schumm, Weber and Mosciski","Paradigm","Analyst"
"54","https://s3.amazonaws.com/uifaces/faces/twitter/jeremiespoken/128.jpg","Bedfordshire","Graham_Bruen@yahoo.com","Miss","Jeramy","Toy","Barton Islands","49231","7/13/2018","Corporate Marketing Coordinator","Customer-focused global secured line","Predovic - Bailey","Mobility","Architect"
"55","https://s3.amazonaws.com/uifaces/faces/twitter/psdesignuk/128.jpg","Borders","Abe_Purdy@yahoo.com","Dr.","Thomas","Wisoky","Rau Harbors","80738","11/20/2018","Central Paradigm Officer","Fully-configurable well-modulated complexity","Hermann - Schmitt","Directives","Orchestrator"
"56","https://s3.amazonaws.com/uifaces/faces/twitter/divya/128.jpg","Cambridgeshire","Jalyn.Kutch@hotmail.com","Mr.","Marcus","Ryan","White Prairie","78663","6/8/2018","Legacy Operations Supervisor","Expanded well-modulated infrastructure","Reilly LLC","Applications","Designer"
"57","https://s3.amazonaws.com/uifaces/faces/twitter/terrorpixel/128.jpg","Borders","Alice_Murphy@yahoo.com","Mr.","Zachary","Beatty","Faustino Creek","61893","5/10/2018","Investor Data Director","Proactive zero administration pricing structure","Ankunding, Goldner and Powlowski","Tactics","Supervisor"
"58","https://s3.amazonaws.com/uifaces/faces/twitter/cdavis565/128.jpg","Avon","Clint1@gmail.com","Miss","Jessika","Willms","Raleigh Mountain","29727","5/26/2018","Dynamic Implementation Orchestrator","Integrated asymmetric matrices","Nienow, Morissette and Quigley","Branding","Technician"
"59","https://s3.amazonaws.com/uifaces/faces/twitter/stefanotirloni/128.jpg","Berkshire","Rachelle32@hotmail.com","Mr.","Milton","Runolfsdottir","Jaylon Station","27185","7/5/2018","Regional Interactions Engineer","Seamless maximized pricing structure","Fahey, Bins and Crona","Integration","Consultant"
"60","https://s3.amazonaws.com/uifaces/faces/twitter/ratbus/128.jpg","Buckinghamshire","Ally.Bernhard@hotmail.com","Mr.","Vidal","Paucek","Crona Road","43923-2228","9/15/2018","Regional Accountability Orchestrator","Multi-layered zero tolerance database","Barton - Homenick","Assurance","Agent"
"61","https://s3.amazonaws.com/uifaces/faces/twitter/a_harris88/128.jpg","Berkshire","Hertha.Strosin@yahoo.com","Miss","Crystal","Hansen","Lexi Union","36872","6/13/2018","Direct Functionality Representative","Sharable user-facing access","Howell, Quitzon and Altenwerth","Interactions","Planner"
"62","https://s3.amazonaws.com/uifaces/faces/twitter/oksanafrewer/128.jpg","Cambridgeshire","Casandra.Marvin79@gmail.com","Mr.","Vladimir","Hammes","Botsford Mills","40578","11/18/2018","Direct Factors Designer","Multi-tiered foreground standardization","Rolfson, Ward and Hodkiewicz","Branding","Technician"
"63","https://s3.amazonaws.com/uifaces/faces/twitter/m4rio/128.jpg","Bedfordshire","Emmitt.Wunsch@yahoo.com","Miss","Horace","Ritchie","Stuart Mission","61324-0270","9/7/2018","Central Creative Director","Digitized executive collaboration","Sauer - Bayer","Markets","Liaison"
"64","https://s3.amazonaws.com/uifaces/faces/twitter/embrcecreations/128.jpg","Buckinghamshire","Annette.Lowe@hotmail.com","Mrs.","Lane","Wisozk","Claud Forest","96096-2240","12/14/2018","Principal Applications Associate","Organic analyzing utilisation","Ondricka - Kautzer","Configuration","Architect"
"65","https://s3.amazonaws.com/uifaces/faces/twitter/andysolomon/128.jpg","Borders","Randall.Brakus@gmail.com","Dr.","Shane","Hilpert","Bernhard Course","45500-6100","10/9/2018","Investor Communications Orchestrator","Universal multi-state adapter","Schroeder Group","Communications","Designer"
"66","https://s3.amazonaws.com/uifaces/faces/twitter/guillemboti/128.jpg","Buckinghamshire","Tanner42@hotmail.com","Miss","Daphne","Bayer","Gleason Groves","38655-0246","11/18/2018","Future Directives Planner","Re-engineered human-resource support","Kerluke Inc","Markets","Consultant"
"67","https://s3.amazonaws.com/uifaces/faces/twitter/vladarbatov/128.jpg","Avon","Annalise.Williamson91@yahoo.com","Ms.","Merle","Wolf","Aleen Corner","23625-1614","12/18/2018","Forward Branding Representative","Assimilated web-enabled matrix","Muller - Swift","Brand","Facilitator"
"68","https://s3.amazonaws.com/uifaces/faces/twitter/skkirilov/128.jpg","Buckinghamshire","Estefania.Stroman28@hotmail.com","Mrs.","Miracle","Hermann","Morton Falls","78691-1051","8/23/2018","District Security Officer","Balanced radical monitoring","Kilback, Wuckert and Larkin","Integration","Specialist"
"69","https://s3.amazonaws.com/uifaces/faces/twitter/andrewarrow/128.jpg","Berkshire","Freddy.Daugherty3@hotmail.com","Mr.","Karlee","Stiedemann","Collin Flats","03043-0984","10/27/2018","Product Research Director","Exclusive solution-oriented challenge","Boyle Group","Group","Technician"
"70","https://s3.amazonaws.com/uifaces/faces/twitter/peterlandt/128.jpg","Bedfordshire","Stevie.Rowe@yahoo.com","Mrs.","Naomie","Prohaska","Armstrong Orchard","19978-3747","3/21/2018","Internal Markets Supervisor","Stand-alone static extranet","Hyatt, Shields and Cummerata","Identity","Analyst"
"71","https://s3.amazonaws.com/uifaces/faces/twitter/matbeedotcom/128.jpg","Berkshire","Dario.McClure@gmail.com","Ms.","Frank","Mills","Kuhn Knoll","06838-4578","10/2/2018","Dynamic Configuration Executive","Enhanced coherent function","Wuckert - Roberts","Quality","Specialist"
"72","https://s3.amazonaws.com/uifaces/faces/twitter/orkuncaylar/128.jpg","Buckinghamshire","Jensen92@yahoo.com","Ms.","Xavier","Schoen","Piper Knolls","88155","4/29/2018","Legacy Research Manager","Upgradable composite architecture","Boyer - Bogisich","Directives","Assistant"
"73","https://s3.amazonaws.com/uifaces/faces/twitter/tomaslau/128.jpg","Borders","Burley.Considine84@hotmail.com","Miss","Hayden","Buckridge","McGlynn Flat","10495","1/15/2018","Direct Accounts Analyst","Open-architected 4th generation time-frame","Mayert - Gibson","Research","Facilitator"
"74","https://s3.amazonaws.com/uifaces/faces/twitter/leemunroe/128.jpg","Berkshire","Christina47@hotmail.com","Mr.","Mavis","Okuneva","Dino Brook","58607-2599","6/19/2018","Investor Data Executive","Inverse exuding conglomeration","Connelly, Leannon and Gleichner","Marketing","Liaison"
"75","https://s3.amazonaws.com/uifaces/faces/twitter/vaughanmoffitt/128.jpg","Cambridgeshire","Adelia.Senger64@gmail.com","Dr.","Glen","Schaefer","Hahn Way","71910-1607","4/22/2018","Central Communications Coordinator","Vision-oriented 3rd generation infrastructure","Kassulke Group","Configuration","Executive"
"76","https://s3.amazonaws.com/uifaces/faces/twitter/beweinreich/128.jpg","Bedfordshire","Donavon.Langosh@yahoo.com","Miss","Aurelie","Blanda","Christian Drive","47819-5034","5/23/2018","District Tactics Producer","Expanded bi-directional task-force","Rath LLC","Intranet","Designer"
"77","https://s3.amazonaws.com/uifaces/faces/twitter/kevinjohndayy/128.jpg","Bedfordshire","Robyn.Considine@hotmail.com","Ms.","Charlie","Bechtelar","Sanford Pines","55887-2255","3/20/2018","Internal Applications Producer","Triple-buffered homogeneous algorithm","Johnson, Parker and Erdman","Directives","Associate"
"78","https://s3.amazonaws.com/uifaces/faces/twitter/artem_kostenko/128.jpg","Bedfordshire","Ray_Parker18@hotmail.com","Miss","Edwardo","Rice","Oceane Trace","30904","3/27/2018","Chief Metrics Architect","Programmable zero administration attitude","Bahringer - Considine","Factors","Facilitator"
"79","https://s3.amazonaws.com/uifaces/faces/twitter/harry_sistalam/128.jpg","Bedfordshire","Concepcion2@gmail.com","Mrs.","Cleora","Weimann","Eldred Lights","00393","6/4/2018","Chief Metrics Supervisor","Integrated zero tolerance customer loyalty","Boyer Group","Markets","Executive"
"80","https://s3.amazonaws.com/uifaces/faces/twitter/puzik/128.jpg","Avon","Geovanny_Jerde17@yahoo.com","Ms.","Jaycee","Parisian","Heller Walk","79953-3662","8/11/2018","Direct Infrastructure Liaison","Secured national secured line","Prosacco - D'Amore","Interactions","Liaison"
"81","https://s3.amazonaws.com/uifaces/faces/twitter/scottiedude/128.jpg","Borders","Araceli_Pouros@yahoo.com","Dr.","Emily","Rath","Christiansen Drives","93259","3/25/2018","Human Accountability Analyst","Progressive bifurcated adapter","Pollich, Skiles and Cronin","Functionality","Designer"
"82","https://s3.amazonaws.com/uifaces/faces/twitter/artvavs/128.jpg","Cambridgeshire","Everardo74@hotmail.com","Ms.","Elizabeth","Keeling","Waters Canyon","49142-7326","8/27/2018","Senior Paradigm Analyst","Fully-configurable even-keeled strategy","Kreiger - Ondricka","Group","Assistant"
"83","https://s3.amazonaws.com/uifaces/faces/twitter/BroumiYoussef/128.jpg","Berkshire","Pauline.Schowalter89@gmail.com","Ms.","Stanford","Lind","Hessel Meadow","59782-1542","8/26/2018","Lead Brand Technician","Front-line logistical customer loyalty","Paucek - Leannon","Usability","Manager"
"84","https://s3.amazonaws.com/uifaces/faces/twitter/kanickairaj/128.jpg","Cambridgeshire","Bernadine_Koepp27@yahoo.com","Dr.","Leanna","Weissnat","Paucek Spurs","10880","3/31/2018","Dynamic Response Coordinator","Fundamental solution-oriented ability","Schmidt, Beer and Schmeler","Communications","Specialist"
"85","https://s3.amazonaws.com/uifaces/faces/twitter/pierrestoffe/128.jpg","Berkshire","Alexandrea_Zieme@gmail.com","Dr.","Joannie","Robel","Gorczany Manors","29209","8/9/2018","Product Accounts Assistant","Open-source well-modulated toolset","Emmerich - Hand","Tactics","Architect"
"86","https://s3.amazonaws.com/uifaces/faces/twitter/iamsteffen/128.jpg","Borders","Carlee_Oberbrunner@gmail.com","Miss","Eloisa","Moen","Thomas Ports","20998-7836","2/2/2018","Dynamic Directives Administrator","De-engineered heuristic implementation","Wilderman - Keebler","Assurance","Designer"
"87","https://s3.amazonaws.com/uifaces/faces/twitter/hfalucas/128.jpg","Bedfordshire","Serena71@yahoo.com","Mr.","Genevieve","Roberts","Roma Mews","70648-7800","2/28/2018","Product Mobility Engineer","Operative national attitude","Koelpin and Sons","Creative","Specialist"
"88","https://s3.amazonaws.com/uifaces/faces/twitter/giancarlon/128.jpg","Borders","Judd95@gmail.com","Ms.","Lori","Erdman","Mia Ridge","04670","9/2/2018","Dynamic Assurance Strategist","Monitored multi-state framework","Gerlach, Wiegand and Kohler","Group","Executive"
"89","https://s3.amazonaws.com/uifaces/faces/twitter/oscarowusu/128.jpg","Berkshire","Deborah12@gmail.com","Miss","Kole","Runte","Efrain Common","26957-5903","7/19/2018","Regional Identity Facilitator","Expanded zero tolerance system engine","Rogahn, Osinski and Collier","Quality","Producer"
"90","https://s3.amazonaws.com/uifaces/faces/twitter/ovall/128.jpg","Berkshire","Halie63@hotmail.com","Dr.","Lacey","Prohaska","Savannah Court","40651-4115","9/13/2018","District Accounts Assistant","Programmable value-added contingency","Aufderhar, Skiles and Lehner","Tactics","Associate"
"91","https://s3.amazonaws.com/uifaces/faces/twitter/josevnclch/128.jpg","Borders","Garland_Koepp@gmail.com","Mrs.","Emmett","Rosenbaum","Casper Viaduct","32662","8/4/2018","Principal Accountability Assistant","Profit-focused homogeneous middleware","Orn - Kertzmann","Assurance","Engineer"
"92","https://s3.amazonaws.com/uifaces/faces/twitter/tjrus/128.jpg","Borders","Janae.Krajcik@gmail.com","Dr.","Ethelyn","Koepp","Swift Parkway","84939","5/3/2018","Investor Response Strategist","Advanced transitional flexibility","Stamm, Nolan and Muller","Solutions","Facilitator"
"93","https://s3.amazonaws.com/uifaces/faces/twitter/BryanHorsey/128.jpg","Bedfordshire","Adelbert.Lesch@hotmail.com","Dr.","Vernon","Nienow","Lang Courts","04569-1817","3/13/2018","Future Solutions Representative","Switchable user-facing collaboration","Hoppe and Sons","Interactions","Technician"
"94","https://s3.amazonaws.com/uifaces/faces/twitter/mikemai2awesome/128.jpg","Cambridgeshire","Arvel.Wolf91@hotmail.com","Dr.","Ellie","Hirthe","Beulah Green","43742","12/31/2018","Central Branding Developer","Decentralized value-added synergy","Simonis, Bergstrom and Kutch","Applications","Agent"
"95","https://s3.amazonaws.com/uifaces/faces/twitter/hermanobrother/128.jpg","Cambridgeshire","Gregoria.MacGyver96@yahoo.com","Miss","Clara","Jones","Carlos Ville","80519-2696","12/4/2018","Central Creative Manager","Programmable background Graphical User Interface","Kshlerin Group","Directives","Orchestrator"
"96","https://s3.amazonaws.com/uifaces/faces/twitter/thaisselenator_/128.jpg","Bedfordshire","Jude24@yahoo.com","Mrs.","Jaime","Walter","Annamae Plains","07728-0379","12/28/2018","Legacy Infrastructure Architect","Right-sized value-added knowledge user","Morissette Group","Accounts","Director"
"97","https://s3.amazonaws.com/uifaces/faces/twitter/adityasutomo/128.jpg","Avon","Jacinto.Sauer47@gmail.com","Mrs.","Fredrick","Rolfson","Homenick Locks","84166-8419","8/19/2018","Internal Solutions Director","Function-based incremental initiative","Mertz - Klocko","Creative","Assistant"
"98","https://s3.amazonaws.com/uifaces/faces/twitter/agromov/128.jpg","Berkshire","Ashley31@gmail.com","Mr.","Giovani","Yundt","Lowe Knoll","02170","4/12/2018","Global Configuration Facilitator","Function-based zero administration strategy","Fisher, Hoppe and Schamberger","Quality","Architect"
"99","https://s3.amazonaws.com/uifaces/faces/twitter/irae/128.jpg","Cambridgeshire","Garett.Hansen54@hotmail.com","Dr.","Sibyl","Koelpin","Lloyd Ville","56525-5998","12/7/2018","District Implementation Consultant","Programmable 24 hour methodology","Kessler - Baumbach","Markets","Developer"
